Decreto;Fecha de Pago;Monto;Nro. OP;Expediente IMUH de la obra o gasto de funcionamiento;
441/2026;22/7/2026;$ 5.795.480,97;3773;8000046-I-2026;
441/2026;22/7/2026;$ 240.000.000,00;3768;8000046-I-2026;
529/2026;21/7/2026;$ 3.857.271,40;3757;8000899-I-2024;
529/2026;21/7/2026;$ 13.269.026,60;3757;8000899-I-2024;
529/2026;17/7/2026;$ 11.647.828,50;3748;8001280-I-2024;
529/2026;17/7/2026;$ 30.672.420,00;3747;8001271-I-2024;
529/2026;17/7/2026;$ 27.113.095,05;3743;8000020-I-2026;
529/2026;17/7/2026;$ 83.411.940,77;3742;8000697-I-2025;
522/2026;1/7/2026;$ 296.020.866,58;3673;8000618-I-2025;
232/2026;25/6/2026;$ 150.000.000,00;3637;8000582-I-2025;
522/2026;29/5/2026;$ 367.089.368,30;3568;8000618-I-2025;
272/2026;27/5/2026;$ 381.421.782,36;3569;8000351-T-2023;
124/2026;21/5/2026;$ 2.808.260,86;3546;8000441-I-2024;
414/2026;15/5/2026;$ 53.791.285,72;3519;8000605-I-2025;
414/2026;15/5/2026;$ 25.863.045,27;3520;8000697-I-2025;
414/2026;15/5/2026;$ 5.335.822,00;3521;8000605-I-2025;
441/2026;14/5/2026;$ 48.705.555,35;3514;8000063-I-2026;
441/2026;13/5/2026;$ 2.589.006,71;3513;8000063-I-2026;
232/2026;12/5/2026;$ 151.106.519,36;3504 / 3405;8000582-I-2025;3504/3505
89/2026;12/5/2026;$ 239.143.456,30;3506 / 3507;8000571-I-2025;
84/2026;28/4/2026;$ 749.918.657,60;3464;8000951-R-2022;
296/2026;23/4/2026;$ 28.518.659,09;Sin OP;8000951-R-2022;3464
295/2026;22/4/2026;$ 74.872.221,75;3465;8000951-R-2022;
232/2026;9/4/2026;$ 171.248.061,64;3400 / 3401;8000582-I-2025;
89/2026;9/4/2026;$ 144.827.825,22;3402 / 3403;8000571-I-2025;
84/2026;30/3/2026;$ 749.918.657,55;3369;8000951-R-2022;
232/2026;26/3/2026;$ 344.559.809,15;3355 / 3356;8000582-I-2025;
124/2026;26/3/2026;$ 46.143.485,48;3363 / 3364;8000441-I-2024;
272/2026;19/3/2026;$ 381.000.000,00;3358;8000351-T-2023;
89/2026;13/3/2026;$ 270.000.000,00;3336 / 3351;8000571-I-2025;
124/2026;26/2/2026;$ 58.824.439,93;3299;8000441-I-2024;
89/2026;13/2/2026;$ 193.143.798,74;3282;8000571-I-2025;
84/2026;13/2/2026;$ 749.918.657,55;3270;8000951-R-2022;
89/2026;6/2/2026;$ 479.167.260,85;3229 / 3230 / 3231;8000571-I-2025;
91/2026;30/1/2026;$ 126.130.140,96;3244;8000061-I-2025;
84/2026;30/1/2026;$ 749.918.657,55;3221;8000951-R-2022;
70/2026;30/1/2026;$ 73.636.197,73;3218 / 3219;8000293-I-2025;
1204/2025;7/11/2025;$ 415.751.053,47;3433;8000582-I-2025;
1105/2025;7/11/2025;$ 154.160.908,70;3569;8000351-T-2023;
1105/2025;15/10/2025;$ 837.387.436,83;3440 / 3441;8000063-I-2026;
