#;Decreto;Exp. IMUH;Cuota;Fecha Pago;Importe Pagado;OP;Proveedor;Obra Destino;Observaciones
1;Dto. 529/2026;8000899-I-2024, 8001271-I-2024, 8001280-I-2024, 8001208-I-2024, 8000020-I-2026, 8000015-I-2024, 8000141-I-2024, 8000590-I-2025, 8000551-I-2025, 8000697-I-2025, 8001003-I-2025;Cuota 2;-;$ 476.381,12;;-;Sin distribuir;-
2;Dto. 441/2026;8000063-I-2026, 8000046-I-2026;Cuota 1;25/3/2026;$ 40.000.000,00;3371;Coop. Trabajo Más Porvenir Ltda.;Obra original;Fondos originados en Dto. 89/2026 (OP 3371 del 25-03-2026), compensados el 30-06-2026 afectando a OP 3662, 3663 (Compensación)
3;Dto. 441/2026;8000063-I-2026, 8000046-I-2026;Cuota 3;-;$ 12.910.910,19;;-;Sin distribuir;-
4;Dto. 296/2026;8000951-R-2022;Cuota 1;23/4/2026;$ 28.518.659,09;;Fideicomiso Urme;Obra original;Migrado automáticamente
5;Dto. 296/2026;8000951-R-2022;Cuota 1;28/4/2026;$ 218.800.000,00;;Fideicomiso Urme;Obra original;-
6;Dto. 296/2026;8000951-R-2022;Cuota 1;28/4/2026;$ 42.095.205,59;3462;Coop. Trabajo Más Porvenir Ltda.;8000079-I-2026 - Red de desagües pluviales - Mza. 7 a Mza. 14 - Desarrollo Manzana 34;Cheque 66051938
7;Dto. 295/2026;8000951-R-2022;Cuota 1;22/4/2026;$ 74.872.221,75;3465;Fideicomiso Urme;Obra original;Migrado automáticamente
8;Dto. 272/2026;8000351-T-2023;Cuota 1;19/3/2026;$ 381.000.000,00;3358;Codam S.A.;Obra original;Migrado automáticamente
9;Dto. 272/2026;8000351-T-2023;Cuota 1;27/3/2026;$ 36.861.535,97;3370;Codam S.A.;Obra original;-
10;Dto. 272/2026;8000351-T-2023;Cuota 1;27/3/2026;$ 344.560.246,39;3370;Codam S.A.;Obra original;-
11;Dto. 272/2026;8000351-T-2023;Cuota 2;24/4/2026;$ 10.000.000,00;3449;Vogel Claudio Marcelo;Exp. 8000605-I-2025 - Cordones cuneta perimetrales boulevard, espacios verdes y reservas fiscales - 418 Lotes;-
12;Dto. 272/2026;8000351-T-2023;Cuota 2;24/4/2026;$ 10.000.000,00;3454;Coop. Trabajo Más Porvenir Ltda.;Exp 8000414-V-2024 Construcción de vivienda en Sector D3;-
13;Dto. 272/2026;8000351-T-2023;Cuota 2;24/4/2026;$ 7.000.000,00;3453;Coop. Trabajo Más Porvenir Ltda.;Exp 8000414-V-2024 Construcción de vivienda en Sector D3;-
14;Dto. 272/2026;8000351-T-2023;Cuota 2;24/4/2026;$ 10.000.000,00;3449;Coop. Trabajo Más Porvenir Ltda.;Exp 8000414-V-2024 Construcción de vivienda en Sector D3;-
15;Dto. 272/2026;8000351-T-2023;Cuota 2;24/4/2026;$ 277.609.119,16;3455;Codam S.A.;Obra original;-
16;Dto. 272/2026;8000351-T-2023;Cuota 2;16/4/2026;$ 149.182.664,20;3429;Coop. Trabajo Más Porvenir Ltda.;Exp 8000551-I-2025 Conexiones domiciliarias de agua Manzana 34;-
17;Dto. 272/2026;8000351-T-2023;Cuota 2;16/4/2026;$ 20.000.000,00;3430;Amartino Pablo Alejandro;Exp. 8000760-C-2022 - Solicita asistencia de materiales;-
18;Dto. 272/2026;8000351-T-2023;Cuota 2;16/4/2026;$ 97.930.000,00;3431;Vafa S.R.L.;Dto. 89/2026 - Red de desagües cloacales de Peumayen;-
19;Dto. 272/2026;8000351-T-2023;Cuota 2;16/4/2026;$ 10.000.000,00;3432;Vogel Claudio Marcelo;Exp. 8000605-I-2025 - Cordones cuneta perimetrales boulevard, espacios verdes y reservas fiscales - 418 Lotes;-
20;Dto. 272/2026;8000351-T-2023;Cuota 2;16/4/2026;$ 15.000.000,00;3381;Coop. Trabajo Más Porvenir Ltda.;Exp. 8000614-L-2025 - Construcción de vivienda - Lemos Mabel - Mza 13 - Lote 22 - Sector Distrito 6;-
21;Dto. 272/2026;8000351-T-2023;Cuota 2;16/4/2026;$ 70.000.000,00;3433;Constructora Limay S.A.;Dto. 232/2026 - Red vial - Movimiento de suelo - Continuidad y apertura de calle - Sector remanente Lote 3-1 - Sección I - 418 Lotes;-
22;Dto. 272/2026;8000351-T-2023;Cuota 2;17/4/2026;$ 85.700.000,00;3440/3441;Coop. Trabajo Más Porvenir Ltda.;Exp. 8000063-I-2026 - Apertura - Movimiento de suelo y consolidación de calles - Sector Jarillal;-
23;Dto. 272/2026;8000351-T-2023;Cuota 3;27/5/2026;$ 381.421.782,36;3569;Codam S.A.;Obra original;Migrado automáticamente
24;Dto. 272/2026;8000351-T-2023;Cuota 3;3/6/2026;$ 8.000.000,00;3571;Kudaw O&S S.R.L.;8000091-I-2026 - Ordenamiento eléctrico sobre líneas irregulares - Sector Miradores;-
25;Dto. 272/2026;8000351-T-2023;Cuota 3;29/5/2026;$ 115.121.108,00;;IMUH;8000327-I-2026 - Haberes mayo;No llegó el aporte de haberes.
26;Dto. 272/2026;8000351-T-2023;Cuota 3;29/5/2026;$ 2.500.000,00;3567;Malewe S.R.L.;8001089-I-2025;-
27;Dto. 272/2026;8000351-T-2023;Cuota 3;29/5/2026;$ 1.093.425,91;3566;Ruiz Ebelin Marianela;8001125-I-2025 - Contratación de personal;-
28;Dto. 272/2026;8000351-T-2023;Cuota 3;29/5/2026;$ 1.058.160,58;3560;Alderete Sofia Ailen;8001123-I-2025 - Contratación de personal;-
29;Dto. 272/2026;8000351-T-2023;Cuota 3;29/5/2026;$ 1.093.425,91;3561;Briones Paula Beatriz;8001124-I-2025 - Solicita contratación de personal;-
30;Dto. 272/2026;8000351-T-2023;Cuota 3;29/5/2026;$ 1.058.160,58;3562;Lezcano Juan de Jesús;8001131-I-2025 - Solicita contratación de personal;-
31;Dto. 272/2026;8000351-T-2023;Cuota 3;29/5/2026;$ 1.058.160,58;3570;Diaz Fernando Gabriel;8000112-I-2026 - Solicita contratación de personal;-
32;Dto. 232/2026;8000582-I-2025;Cuota 1;26/3/2026;$ 344.559.809,15;3355/3356;Constructora Limay S.A.;Obra original;Migrado automáticamente
33;Dto. 232/2026;8000582-I-2025;Cuota 2;9/4/2026;$ 171.248.061,64;3400/3401;Constructora Limay S.A.;Obra original;Migrado automáticamente
34;Dto. 232/2026;8000582-I-2025;Cuota 3;12/5/2026;$ 151.106.519,36;3504/3405;Constructora Limay S.A.;Obra original;Migrado automáticamente
35;Dto. 232/2026;8000582-I-2025;Cuota 3;12/5/2026;$ 30.500.000,00;3380;Coop. Trabajo Más Porvenir Ltda.;Exp. 8000083-I-2026 - Construcción de vivienda - Zapata Genesis Milagros - Mza 5 - Lote 11 - Sector Distrito 3-3;-
36;Dto. 232/2026;8000582-I-2025;Cuota 3;12/5/2026;$ 32.581.354,75;3462;Coop. Trabajo Más Porvenir Ltda.;8000079-I-2026 - Red de desagües pluviales - Mza. 7 a Mza. 14 - Desarrollo Manzana 34;-
37;Dto. 124/2026;8000441-I-2025;Cuota 1;26/2/2026;$ 58.824.439,93;3299;Coop. De Trabajo Los Negros Ltda.;Obra original;Migrado automáticamente
38;Dto. 124/2026;8000441-I-2025;Cuota 2;26/3/2026;$ 46.143.485,48;3363/3364;Coop. De Trabajo Los Negros Ltda.;Obra original;Migrado automáticamente
39;Dto. 124/2026;8000441-I-2025;Cuota 2;27/4/2026;$ 21.952.369,66;3462;Coop. Trabajo Más Porvenir Ltda.;Exp. 8000063-I-2026 - Apertura - Movimiento de suelo y consolidación de calles - Sector Jarillal;-
40;Dto. 124/2026;8000441-I-2025;Cuota 3;28/4/2026;$ 15.000.000,00;3467;Coop. Trabajo Más Porvenir Ltda.;Exp. 8000063-I-2026 - Apertura - Movimiento de suelo y consolidación de calles - Sector Jarillal;-
41;Dto. 124/2026;8000441-I-2025;Cuota 3;29/4/2026;$ 15.000.000,00;3468;Constructora Limay S.A.;Exp. 8000582-I-2025 - Red vial, movimiento de suelo, continuidad y apertura de calle - Sector remanente Lote 3-1 - Sección I - 418 Lotes;-
42;Dto. 124/2026;8000441-I-2025;Cuota 3;5/5/2026;$ 59.771.348,06;3482;Coop. De Trabajo Los Negros Ltda.;Obra original;-
43;Dto. 91/2026;8000061-I-2025;Cuota 1;30/1/2026;$ 126.130.140,96;3244;Calf Coop. Prov. Serv. Pub. Y Com. Neuquen Ltda.;Obra original;Migrado automáticamente
44;Dto. 89/2026;8000571-I-2025;Cuota 1;6/2/2026;$ 479.167.260,85;3229/3230/3231;Vafa S.R.L.;Obra original;Migrado automáticamente
45;Dto. 89/2026;8000571-I-2025;Cuota 2;13/2/2026;$ 193.143.798,74;3282;Vafa S.R.L.;Obra original;Migrado automáticamente
46;Dto. 89/2026;8000571-I-2025;Cuota 3;13/3/2026;$ 270.000.000,00;3336/3351;Vafa S.R.L.;Obra original;Migrado automáticamente
47;Dto. 89/2026;8000571-I-2025;Cuota 3;13/4/2026;$ 3.318.853,15;3414;Vafa S.R.L.;Obra original;-
48;Dto. 89/2026;8000571-I-2025;Cuota 4;9/4/2026;$ 144.827.825,22;3402/3403;Vafa S.R.L.;Obra original;Migrado automáticamente
49;Dto. 89/2026;8000571-I-2025;Cuota 4;10/4/2026;$ 34.440.000,00;3405/3406;Coop. Trabajo Más Porvenir Ltda.;Exp 8000551-I-2025 Conexiones domiciliarias de agua Manzana 34;-
50;Dto. 89/2026;8000571-I-2025;Cuota 4;10/4/2026;$ 58.950.000,00;3407/3408/3409;Coop. Trabajo Más Porvenir Ltda.;Exp 8000697-I-2025 Red eléctrica y conexiones domiciliarias Manzana 34;-
51;Dto. 89/2026;8000571-I-2025;Cuota 4;10/4/2026;$ 4.660.000,00;3410;Coop. Trabajo Más Porvenir Ltda.;Exp 8000414-V-2024 Construcción de vivienda en Sector D3;-
52;Dto. 89/2026;8000571-I-2025;Cuota 4;10/4/2026;$ 3.280.000,00;3404;Coop. Trabajo Más Porvenir Ltda.;Exp 8000663-I-2025 Construcción de vivienda en D7 - Landa Silvia;-
53;Dto. 89/2026;8000571-I-2025;Cuota 5;12/5/2026;$ 239.143.456,30;3506/3507;Vafa S.R.L.;Obra original;Migrado automáticamente
54;Dto. 89/2026;8000571-I-2025;Cuota 5;12/5/2026;$ 52.731.520,97;3512;Coop. Trabajo Más Porvenir Ltda.;8000079-I-2026 - Red de desagües pluviales - Mza. 7 a Mza. 14 - Desarrollo Manzana 34;-
55;Dto. 84/2026;8000951-R-2022;Cuota 1;30/1/2026;$ 749.918.657,55;3221;Fideicomiso Urme;Obra original;Migrado automáticamente
56;Dto. 84/2026;8000951-R-2022;Cuota 2;13/2/2026;$ 749.918.657,55;3270;Fideicomiso Urme;Obra original;Migrado automáticamente
57;Dto. 84/2026;8000951-R-2022;Cuota 3;30/3/2026;$ 749.918.657,55;3369;Fideicomiso Urme;Obra original;Migrado automáticamente
58;Dto. 84/2026;8000951-R-2022;Cuota 4;28/4/2026;$ 749.918.657,60;3464;Fideicomiso Urme;Obra original;Migrado automáticamente
59;Dto. 70/2026;8000293-I-2025;Cuota 1;30/1/2026;$ 73.636.197,73;3218/3219;Vafa S.R.L.;Obra original;Migrado automáticamente
60;Dto. 1204/2025;8000398-I-2025;Cuota 1;7/11/2025;$ 415.751.053,47;;Constructora Limay S.A.;Obra original;Migrado automáticamente
61;Dto. 1105/2025;8000301-I-2025;Cuota 1;15/10/2025;$ 837.387.436,83;;Constructora Limay S.A.;Obra original;Migrado automáticamente
62;Dto. 1105/2025;8000301-I-2025;Cuota 2;7/11/2025;$ 154.160.908,70;;Constructora Limay S.A.;Obra original;Migrado automáticamente
