Decreto;Expediente IMUH;Cuota;Fecha Cobro;Fecha Pago;Proveedor;Obra Destino;Importe Pagado ($);Observaciones
Dto. 529/2026;8000899-I-2024, 8001271-I-2024, 8001280-I-2024, 8001208-I-2024, 8000020-I-2026, 8000015-I-2024, 8000141-I-2024, 8000590-I-2025, 8000551-I-2025, 8000697-I-2025, 8001003-I-2025;Cuota 2;15-07-2026;-;-;Sin distribuir;476381.12000000477;-
Dto. 441/2026;8000063-I-2026, 8000046-I-2026;Cuota 1;13-05-2026, 15-05-2026;25-03-2026;Coop. Trabajo Más Porvenir Ltda.;Obra original;40000000.0;Fondos originados en Dto. 89/2026 (OP 3371 del 25-03-2026), compensados el 30-06-2026 afectando a OP 3662, 3663 (Compensación)
Dto. 441/2026;8000063-I-2026, 8000046-I-2026;Cuota 3;21-07-2026;-;-;Sin distribuir;12910910.189999998;-
Dto. 296/2026;8000951-R-2022;Cuota 1;23-04-2026;23-04-2026;Fideicomiso Urme;Obra original;28518659.09;Migrado automáticamente
Dto. 296/2026;8000951-R-2022;Cuota 1;23-04-2026;28-04-2026;Fideicomiso Urme;Obra original;218800000.0;-
Dto. 296/2026;8000951-R-2022;Cuota 1;23-04-2026;28-04-2026;Coop. Trabajo Más Porvenir Ltda.;8000079-I-2026 - Red de desagües pluviales - Mza. 7 a Mza. 14 - Desarrollo Manzana 34;42095205.59;Cheque 66051938
Dto. 295/2026;8000951-R-2022;Cuota 1;22-04-2026;22-04-2026;Fideicomiso Urme;Obra original;74872221.75;Migrado automáticamente
Dto. 272/2026;8000351-T-2023;Cuota 1;19-03-2026;19-03-2026;Codam S.A.;Obra original;381000000.0;Migrado automáticamente
Dto. 272/2026;8000351-T-2023;Cuota 1;19-03-2026;27-03-2026;Codam S.A.;Obra original;36861535.97;-
Dto. 272/2026;8000351-T-2023;Cuota 1;19-03-2026;27-03-2026;Codam S.A.;Obra original;344560246.39;-
Dto. 272/2026;8000351-T-2023;Cuota 2;15-04-2026;24-04-2026;Vogel Claudio Marcelo;Exp. 8000605-I-2025 - Cordones cuneta perimetrales boulevard, espacios verdes y reservas fiscales - 418 Lotes;10000000.0;-
Dto. 272/2026;8000351-T-2023;Cuota 2;15-04-2026;24-04-2026;Coop. Trabajo Más Porvenir Ltda.;Exp 8000414-V-2024 Construcción de vivienda en Sector D3;10000000.0;-
Dto. 272/2026;8000351-T-2023;Cuota 2;15-04-2026;24-04-2026;Coop. Trabajo Más Porvenir Ltda.;Exp 8000414-V-2024 Construcción de vivienda en Sector D3;7000000.0;-
Dto. 272/2026;8000351-T-2023;Cuota 2;15-04-2026;24-04-2026;Coop. Trabajo Más Porvenir Ltda.;Exp 8000414-V-2024 Construcción de vivienda en Sector D3;10000000.0;-
Dto. 272/2026;8000351-T-2023;Cuota 2;15-04-2026;24-04-2026;Codam S.A.;Obra original;277609119.16;-
Dto. 272/2026;8000351-T-2023;Cuota 2;15-04-2026;16-04-2026;Coop. Trabajo Más Porvenir Ltda.;Exp 8000551-I-2025 Conexiones domiciliarias de agua Manzana 34;149182664.2;-
Dto. 272/2026;8000351-T-2023;Cuota 2;15-04-2026;16-04-2026;Amartino Pablo Alejandro;Exp. 8000760-C-2022 - Solicita asistencia de materiales;20000000.0;-
Dto. 272/2026;8000351-T-2023;Cuota 2;15-04-2026;16-04-2026;Vafa S.R.L.;Dto. 89/2026 - Red de desagües cloacales de Peumayen;97930000.0;-
Dto. 272/2026;8000351-T-2023;Cuota 2;15-04-2026;16-04-2026;Vogel Claudio Marcelo;Exp. 8000605-I-2025 - Cordones cuneta perimetrales boulevard, espacios verdes y reservas fiscales - 418 Lotes;10000000.0;-
Dto. 272/2026;8000351-T-2023;Cuota 2;15-04-2026;16-04-2026;Coop. Trabajo Más Porvenir Ltda.;Exp. 8000614-L-2025 - Construcción de vivienda - Lemos Mabel - Mza 13 - Lote 22 - Sector Distrito 6;15000000.0;-
Dto. 272/2026;8000351-T-2023;Cuota 2;15-04-2026;16-04-2026;Constructora Limay S.A.;Dto. 232/2026 - Red vial - Movimiento de suelo - Continuidad y apertura de calle - Sector remanente Lote 3-1 - Sección I - 418 Lotes;70000000.0;-
Dto. 272/2026;8000351-T-2023;Cuota 2;15-04-2026;17-04-2026;Coop. Trabajo Más Porvenir Ltda.;Exp. 8000063-I-2026 - Apertura - Movimiento de suelo y consolidación de calles - Sector Jarillal;85700000.0;-
Dto. 272/2026;8000351-T-2023;Cuota 3;27-05-2026;27-05-2026;Codam S.A.;Obra original;381421782.36;Migrado automáticamente
Dto. 272/2026;8000351-T-2023;Cuota 3;27-05-2026;03-06-2026;Kudaw O&S S.R.L.;8000091-I-2026 - Ordenamiento eléctrico sobre líneas irregulares - Sector Miradores;8000000.0;-
Dto. 272/2026;8000351-T-2023;Cuota 3;27-05-2026;29-05-2026;IMUH;8000327-I-2026 - Haberes mayo;115121108.0;No llegó el aporte de haberes.
Dto. 272/2026;8000351-T-2023;Cuota 3;27-05-2026;29-05-2026;Malewe S.R.L.;8001089-I-2025;2500000.0;-
Dto. 272/2026;8000351-T-2023;Cuota 3;27-05-2026;29-05-2026;Ruiz Ebelin Marianela;8001125-I-2025 - Contratación de personal;1093425.91;-
Dto. 272/2026;8000351-T-2023;Cuota 3;27-05-2026;29-05-2026;Alderete Sofia Ailen;8001123-I-2025 - Contratación de personal;1058160.58;-
Dto. 272/2026;8000351-T-2023;Cuota 3;27-05-2026;29-05-2026;Briones Paula Beatriz;8001124-I-2025 - Solicita contratación de personal;1093425.91;-
Dto. 272/2026;8000351-T-2023;Cuota 3;27-05-2026;29-05-2026;Lezcano Juan de Jesús;8001131-I-2025 - Solicita contratación de personal;1058160.58;-
Dto. 272/2026;8000351-T-2023;Cuota 3;27-05-2026;29-05-2026;Diaz Fernando Gabriel;8000112-I-2026 - Solicita contratación de personal;1058160.58;-
Dto. 232/2026;8000582-I-2025;Cuota 1;26-03-2026;26-03-2026;Constructora Limay S.A.;Obra original;344559809.15;Migrado automáticamente
Dto. 232/2026;8000582-I-2025;Cuota 2;09-04-2026;09-04-2026;Constructora Limay S.A.;Obra original;171248061.64;Migrado automáticamente
Dto. 232/2026;8000582-I-2025;Cuota 3;12-05-2026;12-05-2026;Constructora Limay S.A.;Obra original;151106519.36;Migrado automáticamente
Dto. 232/2026;8000582-I-2025;Cuota 3;12-05-2026;12-05-2026;Coop. Trabajo Más Porvenir Ltda.;Exp. 8000083-I-2026 - Construcción de vivienda - Zapata Genesis Milagros - Mza 5 - Lote 11 - Sector Distrito 3-3;30500000.0;-
Dto. 232/2026;8000582-I-2025;Cuota 3;12-05-2026;12-05-2026;Coop. Trabajo Más Porvenir Ltda.;8000079-I-2026 - Red de desagües pluviales - Mza. 7 a Mza. 14 - Desarrollo Manzana 34;32581354.75;-
Dto. 124/2026;8000441-I-2025;Cuota 1;26-02-2026;26-02-2026;Coop. De Trabajo Los Negros Ltda.;Obra original;58824439.93;Migrado automáticamente
Dto. 124/2026;8000441-I-2025;Cuota 2;26-03-2026;26-03-2026;Coop. De Trabajo Los Negros Ltda.;Obra original;46143485.48;Migrado automáticamente
Dto. 124/2026;8000441-I-2025;Cuota 2;26-03-2026;27-04-2026;Coop. Trabajo Más Porvenir Ltda.;Exp. 8000063-I-2026 - Apertura - Movimiento de suelo y consolidación de calles - Sector Jarillal;21952369.66;-
Dto. 124/2026;8000441-I-2025;Cuota 3;22-04-2026;28-04-2026;Coop. Trabajo Más Porvenir Ltda.;Exp. 8000063-I-2026 - Apertura - Movimiento de suelo y consolidación de calles - Sector Jarillal;15000000.0;-
Dto. 124/2026;8000441-I-2025;Cuota 3;22-04-2026;29-04-2026;Constructora Limay S.A.;Exp. 8000582-I-2025 - Red vial, movimiento de suelo, continuidad y apertura de calle - Sector remanente Lote 3-1 - Sección I - 418 Lotes;15000000.0;-
Dto. 124/2026;8000441-I-2025;Cuota 3;22-04-2026;05-05-2026;Coop. De Trabajo Los Negros Ltda.;Obra original;59771348.06;-
Dto. 91/2026;8000061-I-2025;Cuota 1;30-01-2026;30-01-2026;Calf Coop. Prov. Serv. Pub. Y Com. Neuquen Ltda.;Obra original;126130140.96;Migrado automáticamente
Dto. 89/2026;8000571-I-2025;Cuota 1;06-02-2026;06-02-2026;Vafa S.R.L.;Obra original;479167260.85;Migrado automáticamente
Dto. 89/2026;8000571-I-2025;Cuota 2;13-02-2026;13-02-2026;Vafa S.R.L.;Obra original;193143798.74;Migrado automáticamente
Dto. 89/2026;8000571-I-2025;Cuota 3;13-03-2026;13-03-2026;Vafa S.R.L.;Obra original;270000000.0;Migrado automáticamente
Dto. 89/2026;8000571-I-2025;Cuota 3;13-03-2026;13-04-2026;Vafa S.R.L.;Obra original;3318853.1499999985;-
Dto. 89/2026;8000571-I-2025;Cuota 4;09-04-2026;09-04-2026;Vafa S.R.L.;Obra original;144827825.22;Migrado automáticamente
Dto. 89/2026;8000571-I-2025;Cuota 4;09-04-2026;10-04-2026;Coop. Trabajo Más Porvenir Ltda.;Exp 8000551-I-2025 Conexiones domiciliarias de agua Manzana 34;34440000.0;-
Dto. 89/2026;8000571-I-2025;Cuota 4;09-04-2026;10-04-2026;Coop. Trabajo Más Porvenir Ltda.;Exp 8000697-I-2025 Red eléctrica y conexiones domiciliarias Manzana 34;58950000.0;-
Dto. 89/2026;8000571-I-2025;Cuota 4;09-04-2026;10-04-2026;Coop. Trabajo Más Porvenir Ltda.;Exp 8000414-V-2024 Construcción de vivienda en Sector D3;4660000.0;-
Dto. 89/2026;8000571-I-2025;Cuota 4;09-04-2026;10-04-2026;Coop. Trabajo Más Porvenir Ltda.;Exp 8000663-I-2025 Construcción de vivienda en D7 - Landa Silvia;3280000.0;-
Dto. 89/2026;8000571-I-2025;Cuota 5;12-05-2026;12-05-2026;Vafa S.R.L.;Obra original;239143456.3;Migrado automáticamente
Dto. 89/2026;8000571-I-2025;Cuota 5;12-05-2026;12-05-2026;Coop. Trabajo Más Porvenir Ltda.;8000079-I-2026 - Red de desagües pluviales - Mza. 7 a Mza. 14 - Desarrollo Manzana 34;52731520.96999997;-
Dto. 84/2026;8000951-R-2022;Cuota 1;30-01-2026;30-01-2026;Fideicomiso Urme;Obra original;749918657.55;Migrado automáticamente
Dto. 84/2026;8000951-R-2022;Cuota 2;13-02-2026;13-02-2026;Fideicomiso Urme;Obra original;749918657.55;Migrado automáticamente
Dto. 84/2026;8000951-R-2022;Cuota 3;30-03-2026;30-03-2026;Fideicomiso Urme;Obra original;749918657.55;Migrado automáticamente
Dto. 84/2026;8000951-R-2022;Cuota 4;28-04-2026;28-04-2026;Fideicomiso Urme;Obra original;749918657.6;Migrado automáticamente
Dto. 70/2026;8000293-I-2025;Cuota 1;30-01-2026;30-01-2026;Vafa S.R.L.;Obra original;73636197.73;Migrado automáticamente
Dto. 1204/2025;8000398-I-2025;Cuota 1;07-11-2025;07-11-2025;Constructora Limay S.A.;Obra original;415751053.47;Migrado automáticamente
Dto. 1105/2025;8000301-I-2025;Cuota 1;15-10-2025;15-10-2025;Constructora Limay S.A.;Obra original;837387436.83;Migrado automáticamente
Dto. 1105/2025;8000301-I-2025;Cuota 2;07-11-2025;07-11-2025;Constructora Limay S.A.;Obra original;154160908.7;Migrado automáticamente
